0,1,2,3,4,5,6,7,8,9,10,11,12,13,14,15,16,17,18,19,20,21,22,23,24,25,26,27,28,29,30,31,32,33,34,35,36,37,38,39,40,41,42,43,44,45,46,47,48,49,50,51,52,53,54,55,56,57,58,59,60,61,62,63,64,65,66,67,68,69,70,71,72,73,74,75,76,77,78,79,80,81,82,83,84,85,86,87,88,89,90,91,92,93,94,95,96,97,98,99,100,101,102,103,104,105,106,107,108,109,110,111,112,113,114,115,116,117,118,119,120,121,122,123,124,125,126,127,128,129,130,131,132,133,134,135,136,137,138,139,140,141,142,143,144,145,146,147,148,149,150,151,152,153,154,155,156,157,158,159,160,161,162,163,164,165,166,167,168,169,170,171,172,173,174,175,176,177,178,179,180,181,182,183,184,185,186,187,188,189,190,191,192,193,194,195,196,197,198,199,rowtype,vi_angle,Apophis_mass,ball_speed
-0.7397707606297451,-0.7362057246944408,-0.7326201087234652,-0.7290140251204626,-0.7253875858480969,-0.7217409023616937,-0.7180740855507257,-0.7143872456895604,-0.7106804923988191,-0.7069539346186796,-0.7032076805950789,-0.6994418378796582,-0.6956565133438856,-0.6918518132074655,-0.6880278430806986,-0.6841847080199636,-0.6803225125952909,-0.6764413609684372,-0.6725413569796546,-0.6686226042411103,-0.6646852062347809,-0.6607292664126055,-0.6567548882967407,-0.6527621755779013,-0.6487512322099861,-0.6447221624994532,-0.6406750711882135,-0.6366100635291304,-0.6325272453535288,-0.6284267231304205,-0.6243086040174202,-0.6201729959035672,-0.61602000744446,-0.6118497480902643,-0.6076623281072672,-0.6034578585937227,-0.5992364514907746,-0.5949982195892535,-0.5907432765331327,-0.5864717368203982,-0.582183715802042,-0.5778793296798386,-0.5735586955035002,-0.5692219311677474,-0.5648691554097639,-0.5605004878074421,-0.5561160487787572,-0.5517159595825989,-0.5473003423210835,-0.5428693199436567,-0.5384230162532622,-0.5339615559141425,-0.5294850644615271,-0.5249936683130146,-0.5204874947814607,-0.5159666720891065,-0.5114313293826078,-0.5068815967485476,-0.5023176052289409,-0.4977394868361643,-0.49314737456667984,-0.4885414024128556,-0.4839217053721444,-0.47928841945284373,-0.4746416816756485,-0.46998163007021637,-0.4653084036659988,-0.46062214247665373,-0.4559229874774458,-0.45121108057515896,-0.44648656457018965,-0.4417495831106591,-0.43700028063856144,-0.4322388023281637,-0.42746529401706196,-0.4226799021304907,-0.41788277359965187,-0.4130740557749777,-0.4082538963353639,-0.40342244319448994,-0.3985798444053929,-0.39372624806447276,-0.38886180221608185,-0.3839866547587993,-0.37910095335441224,-0.37420484534053294,-0.3692984776476748,-0.3643819967215051,-0.35945554845088856,-0.35451927810224115,-0.34957333026063425,-0.3446178487780172,-0.33965297672887695,-0.33467885637360784,-0.3296956291298332,-0.32470343555189246,-0.3197024153186772,-0.31469270722996706,-0.3096744492113701,-0.30464777832791684,-0.29961283080627715,-0.2945697420654784,-0.28951864675589006,-0.2844596788061119,-0.27939297147726405,-0.2743186574240339,-0.26923686876169034,-0.2641477371381425,-0.2590513938100069,-0.2539479697215499,-0.24883759558531696,-0.24372040196323105,-0.23859651934695597,-0.23346607823636964,-0.2283292092150772,-0.22318604302201073,-0.21803671061830265,-0.21288134324878297,-0.2077200724976169,-0.20255303033777772,-0.19738034917421737,-0.19220216188075737,-0.18701860183086844,-0.18182980292263207,-0.1766358995982825,-0.17143702685881004,-0.16623332027416948,-0.16102491598967394,-0.15581195072917983,-0.15059456179567057,-0.14537288706983892,-0.14014706500724555,-0.1349172346346018,-0.1296835355456871,-0.12444610789736718,-0.11920509240613597,-0.1139606303455485,-0.10871286354486541,-0.103461934389172,-0.09820798582117897,-0.09295116134485278,-0.08769160503096107,-0.08242946152455194,-0.07716487605431416,-0.071897994443691,-0.0666289631235339,-0.06135792914599701,-0.05608504019927607,-0.05081044462269613,-0.04553429142154746,-0.04025673028096403,-0.03497791157803511,-0.029697986391243297,-0.02441710650623942,-0.0191354244168958,-0.013853093320543455,-0.008570267106291654,-0.0032871003353656053,0.0019962517875167503,0.007279633452568887,0.012562888293805594,0.01784585944875387,0.02312838962909715,0.028410321202007704,0.03369149628155017,0.03897175682916429,0.04425094476186897,0.04952890206649831,0.054805470918004064,0.060080493799656465,0.0653538136228619,0.0706252738442989,0.07589471857815243,0.08116199270140285,0.08642694195037352,0.09168941300705727,0.09694925357409416,0.10220631243764544,0.10746043951777479,0.11271148590629226,0.11795930389232111,0.12320374697609947,0.12844466987173134,0.13368192849973762,0.1389153799703465,0.14414488255849864,0.14937029567153887,0.15459147981053076,0.15980829652607315,0.16502060836942462,0.17022827883967262,0.1754311723275994,0.1806291540568434,0.18582209002288386,0.19100984693034584,0.19619229212908015,0.2013692935494599,0.20654071963732692,0.21170643928901234,0.2168663217868709,x,-12,2.2127565415e-20,0.033566288155652144
-1.0534237077650024,-1.0524497079647623,-1.0514500035636003,-1.0504245735484272,-1.0493733972175614,-1.0482964541839326,-1.0471937243783402,-1.0460651880527554,-1.044910825783666,-1.043730618475486,-1.0425245473640028,-1.041292594019876,-1.0400347403521872,-1.0387509686120426,-1.0374412613962356,-1.036105601650937,-1.034743972675458,-1.03335635812606,-1.0319427420198184,-1.0305031087385388,-1.0290374430327294,-1.0275457300256272,-1.026027955217279,-1.0244841044886792,-1.0229141641059634,-1.0213181207246589,-1.0196959613939933,-1.0180476735612591,-1.0163732450762384,-1.0146726641956865,-1.0129459195878734,-1.0111930003371872,-1.0094138959487964,-1.0076085963533743,-1.0057770919118847,-1.003919373420429,-1.002035432115157,-1.000125259677241,-0.9981888482379119,-0.996226190383562,-0.994237279160911,-0.9922221080822379,-0.9901806711306792,-0.9881129627655934,-0.986018977927992,-0.9838987120460395,-0.9817521610406204,-0.9795793213310016,-0.9773801898404966,-0.9751547640022113,-0.9729030417649708,-0.9706250215992007,-0.9683207025029168,-0.9659900840077862,-0.9636331661852605,-0.9612499496527843,-0.9588404355800757,-0.956404625695482,-0.9539425222924114,-0.9514541282358389,-0.9489394469688894,-0.946398482519498,-0.943831239507146,-0.941237723149677,-0.9386179392701902,-0.9359718943040128,-0.933299595305753,-0.9306010499564319,-0.9278762665706977,-0.9251252541041198,-0.9223480221605657,-0.91954458099966,-0.9167149415443263,-0.913859115388413,-0.9109771148044027,-0.9080689527512062,-0.905134642882042,-0.9021741995524007,-0.8991876378280967,-0.896174973493405,-0.8931362230592862,-0.8900714037716987,-0.8869805336199994,-0.8838636313454321,-0.8807207164497058,-0.877551809203662,-0.8743569306560321,-0.8711361026422848,-0.8678893477935651,-0.8646166895457232,-0.8613181521484368,-0.857993760674423,-0.8546435410287448,-0.8512675199582095,-0.847865725060859,-0.8444381847955557,-0.8409849284916603,-0.8375059863588046,-0.834001389496758,-0.8304711699053888,-0.8269153604947214,-0.8233339950950859,-0.8197271084673659,-0.8160947363133402,-0.8124369152861203,-0.8087536830006836,-0.8050450780445038,-0.8013111399882747,-0.7975519093967335,-0.7937674278395769,-0.7899577379024761,-0.7861228831981869,-0.7822629083777553,-0.7783778591418204,-0.7744677822520134,-0.7705327255424517,-0.7665727379313287,-0.7625878694326012,-0.7585781711677695,-0.7545436953777552,-0.7504844954348723,-0.7464006258548931,-0.7422921423092098,-0.7381591016370882,-0.7340015618580161,-0.7298195821841439,-0.7256132230328186,-0.7213825460392093,-0.7171276140690234,-0.7128484912313152,-0.7085452428913832,-0.7042179356837566,-0.6998666375252718,-0.695491417628235,-0.6910923465136722,-0.6866694960246662,-0.6822229393397762,-0.6777527509865432,-0.6732590068550774,-0.6687417842117274,-0.6642011617128291,-0.6596372194185346,-0.6550500388067183,-0.6504397027869588,-0.6458062957145972,-0.6411499034048666,-0.6364706131470947,-0.6317685137189761,-0.6270436954009118,-0.6222962499904163,-0.6175262708165887,-0.6127338527546461,-0.6079190922405163,-0.6030820872854912,-0.5982229374909338,-0.5933417440630396,-0.5884386098276498,-0.583513639245112,-0.5785669384251879,-0.5735986151420043,-0.5686087788490441,-0.5635975406941763,-0.5585650135347192,-0.5535113119525366,-0.5484365522691617,-0.5433408525609471,-0.538224332674236,-0.5330871142405512,-0.5279293206918009,-0.5227510772754933,-0.5175525110699598,-0.5123337509995811,-0.5070949278500124,-0.5018361742834042,-0.49655762485361343,-0.49125941602140055,-0.48594168616960964,-0.4806045756183246,-0.475248226639998,-0.46987278347454803,-0.4644783923444162,-0.4590652014695845,-0.45363336108254265,-0.4481830234432023,-0.4427143428537526,-0.43722747567345,-0.4317225803333382,-0.4261998173508905,-0.42065934934456956,-0.41510134104829866,-0.4095259593258353,-0.4039333731850454,-0.3983237537920653,-0.39269727448535086,-0.3870541107896011,-0.3813944404295531,-0.37571844334363996,-0.3700263016975012,-0.36431819989734404,-0.3585943246031407,x,-12,2.2127565415e-20,0.033566288155652144
-1.0534237210928306,-1.05347631878675,-1.0535032620873688,-1.05350458018928,-1.053480302594517,-1.0534304591106114,-1.053355079848685,-1.0532541952215726,-1.053127835941977,-1.0529760330206583,-1.0527988177646523,-1.0525962217755227,-1.0523682769476421,-1.0521150154665075,-1.0518364698070857,-1.0515326727321868,-1.0512036572908707,-1.0508494568168842,-1.0504701049271266,-1.050065635520146,-1.0496360827746662,-1.0491814811481412,-1.0487018653753404,-1.0481972704669629,-1.047667731708279,-1.047113284657803,-1.046533965145993,-1.045929809273978,-1.0453008534123154,-1.0446471341997754,-1.0439686885421522,-1.0432655536111046,-1.0425377668430225,-1.0417853659379208,-1.0410083888583623,-1.0402068738284034,-1.0393808593325713,-1.0385303841148636,-1.037655487177777,-1.0367562077813608,-1.035832585442297,-1.0348846599330053,-1.033912471280776,-1.0329160597669251,-1.0318954659259783,-1.0308507305448777,-1.0297818946622144,-1.0286889995674997,-1.0275720868004266,-1.0264311981501608,-1.0252663756547133,-1.0240776616002785,-1.022865098520614,-1.0216287291964445,-1.0203685966548908,-1.0190847441689206,-1.0177772152568239,-1.016446053681713,-1.0150913034510436,-1.0137130088161612,-1.01231121427187,-1.0108859645560242,-1.009437304649143,-1.0079652797740477,-1.0064699353955229,-1.004951317219998,-1.0034094711952528,-1.001844443510145,-1.00025628059436,-0.9986450291181819,-0.9970107359922878,-0.9953534483675638,-0.9936732136349409,-0.9919700794252554,-0.9902440936091288,-0.9884953042968698,-0.9867237598383981,-0.9849295088231881,-0.9831126000802357,-0.9812730826780447,-0.9794110059246345,-0.9775264193675687,-0.975619372794005,-0.9736899162307654,-0.9717380999444262,-0.96976397444143,-0.9677675904682175,-0.965748999011379,-0.9637082512978276,-0.9616453987949907,-0.9595604932110238,-0.9574535864950421,-0.955324730837374,-0.9531739786698336,-0.9510013826660121,-0.948806995741591,-0.9465908710546732,-0.9443530620061347,-0.9420936222399949,-0.9398126056438074,-0.9375100663490696,-0.9351860587316516,-0.9328406374122443,-0.9304738572568275,-0.9280857733771557,-0.9256764411312643,-0.9232459161239943,-0.9207942542075357,-0.9183215114819901,-0.9158277442959524,-0.9133130092471106,-0.910777363182865,-0.9082208632009657,-0.9056435666501692,-0.9030455311309125,-0.9004268144960071,-0.8977874748513509,-0.8951275705566579,-0.8924471602262076,-0.8897463027296116,-0.8870250571925994,-0.8842834829978213,-0.8815216397856709,-0.8787395874551249,-0.8759373861646012,-0.8731150963328351,-0.8702727786397739,-0.8674104940274889,-0.864528303701106,-0.8616262691297536,-0.8587044520475292,-0.8557629144544834,-0.8528017186176213,-0.849820927071923,-0.8468206026213803,-0.8438008083400527,-0.8407616075731396,-0.8377030639380716,-0.8346252413256183,-0.8315282039010148,-0.8284120161051043,-0.8252767426555,-0.8221224485477636,-0.8189491990566008,-0.8157570597370757,-0.8125460964258416,-0.8093163752423893,-0.8060679625903132,-0.8028009251585947,-0.7995153299229028,-0.7962112441469118,-0.7928887353836372,-0.7895478714767877,-0.7861887205621355,-0.7828113510689032,-0.7794158317211681,-0.7760022315392837,-0.7725706198413188,-0.7691210662445126,-0.7656536406667482,-0.762168413328043,-0.7586654547520547,-0.7551448357676069,-0.7516066275102294,-0.748050901423717,-0.7444777292617044,-0.7408871830892592,-0.7372793352844901,-0.7336542585401739,-0.730012025865398,-0.7263527105872213,-0.7226763863523494,-0.7189831271288298,-0.7152730072077619,-0.7115461012050238,-0.7078024840630172,-0.7040422310524272,-0.700265417774001,-0.6964721201603412,-0.6926624144777173,-0.6888363773278925,-0.6849940856499688,-0.6811356167222472,-0.6772610481641054,-0.673370457937891,-0.6694639243508327,-0.6655415260569668,-0.6616033420590803,-0.657649451710671,-0.6536799347179235,-0.6496948711417014,-0.6456943413995568,-0.6416784262677543,-0.6376472068833133,-0.6336007647460651,-0.6295391817207262,-0.6254625400389893,-0.6213709223016276,-0.6172644114806183,-0.6131430909212794,x,-12,2.2127565415e-20,0.033566288155652144
-1.0534237210927706,-1.0532967059553533,-1.0531440276870028,-1.0529657067680902,-1.0527617640127553,-1.0525322205678238,-1.0522770979117544,-1.051996417853611,-1.0516902025320582,-1.051358474414388,-1.051001256295568,-1.050618571297318,-1.0502104428672083,-1.0497768947777895,-1.0493179511257447,-1.0488336363310642,-1.0483239751362483,-1.047788992605536,-1.0472287141241559,-1.0466431653976045,-1.046032372450948,-1.0453963616281485,-1.0447351595914163,-1.0440487933205842,-1.0433372901125089,-1.0426006775804941,-1.0418389836537407,-1.0410522365768176,-1.0402404649091592,-1.039403697524586,-1.0385419636108488,-1.0376552926691969,-1.036743714513969,-1.0358072592722098,-1.0348459573833082,-1.0338598395986587,-1.032848936981348,-1.031813280905863,-1.030752903057823,-1.0296678354337347,-1.028558110340769,-1.0274237603965644,-1.0262648185290475,-1.0250813179762823,-1.0238732922863383,-1.0226407753171816,-1.0213838012365908,-1.0201024045221085,-1.0187966199609773,-1.0174664826501023,-1.0161120279961036,-1.0147332917153222,-1.0133303098338684,-1.0119031186876923,-1.0104517549226775,-1.008976255494755,-1.0074766576700411,-1.005952999024995,-1.0044053174466006,-1.0028336511325686,-1.00123803859156,-0.9996185186434337,-0.9979751304195124,-0.9963079133628728,-0.9946169072286566,-0.9929021520844024,-0.9911636883103994,-0.9894015566000632,-0.9876157979603326,-0.9858064537120866,-0.9839735654905849,-0.9821171752459279,-0.9802373252435386,-0.978334058064666,-0.9764074166069087,-0.9744574440847605,-0.9724841840301772,-0.9704876802931632,-0.9684679770423805,-0.9664251187657781,-0.9643591502712421,-0.9622701166872669,-0.9601580634636481,-0.9580230363721942,-0.9558650815074617,-0.953684245287509,-0.9514805744546714,-0.9492541160763583,-0.947004917545869,-0.9447330265832306,-0.9424384912360555,-0.9401213598804214,-0.9377816812217693,-0.9354195042958241,-0.9330348784695349,-0.930627853442036,-0.9281984792456283,-0.9257468062467815,-0.9232728851471562,-0.9207767669846472,-0.9182585031344461,-0.9157181453101261,-0.913155745564745,-0.9105713562919702,-0.9079650302272233,-0.9053368204488454,-0.9026867803792826,-0.9000149637862911,-0.8973214247841638,-0.8946062178349762,-0.8918693977498534,-0.8891110196902562,-0.8863311391692881,-0.8835298120530226,-0.8807070945618506,-0.8778630432718476,-0.8749977151161611,-0.8721111673864187,-0.8692034577341556,-0.8662746441722631,-0.8633247850764555,-0.8603539391867592,-0.8573621656090206,-0.8543495238164336,-0.8513160736510889,-0.848261875325541,-0.8451869894243971,-0.8420914769059252,-0.8389753991036819,-0.8358388177281608,-0.8326817948684601,-0.8295043929939706,-0.8263066749560837,-0.8230887039899187,-0.8198505437160705,-0.8165922581423768,-0.8133139116657054,-0.8100155690737612,-0.8066972955469122,-0.8033591566600372,-0.8000012183843911,-0.796623547089491,-0.793226209545022,-0.789809272922762,-0.7863728047985278,-0.7829168731541379,-0.7794415463793983,-0.775946893274105,-0.7724329830500679,-0.7688998853331532,-0.765347670165346,-0.7617764080068313,-0.7581861697380959,-0.7545770266620482,-0.7509490505061581,-0.7473023134246167,-0.7436368880005141,-0.739952847248037,-0.7362502646146857,-0.7325292139835102,-0.7287897696753654,-0.7250320064511843,-0.7212559995142722,-0.7174618245126188,-0.7136495575412284,-0.7098192751444705,-0.7059710543184485,-0.702104972513387,-0.6982211076360378,-0.6943195380521053,-0.6904003425886894,-0.6864636005367475,-0.682509391653575,-0.6785377961653042,-0.6745488947694209,-0.6705427686373001,-0.6665194994167591,-0.6624791692346294,-0.6584218606993458,-0.6543476569035545,-0.650256641426737,-0.6461488983378549,-0.6420245121980092,-0.6378835680631186,-0.633726151486616,-0.6295523485221606,-0.625362245726368,-0.6211559301615583,-0.6169334893985198,-0.6126950115192905,-0.6084405851199558,-0.6041702993134639,-0.5998842437324556,-0.5955825085321138,-0.5912651843930256,-0.5869323625240626,-0.582584134665278,-0.5782205930908166,-0.573841830611844,-0.5694479405794876,x,-12,2.2127565415e-20,0.033566288155652144
-1.0534237210928905,-1.0536559316177723,-1.0538624964817842,-1.0540434535803962,-1.0541988410813699,-1.0543286974220234,-1.054433061306537,-1.0545119717033022,-1.0545654678423146,-1.0545935892126033,-1.0545963755597045,-1.0545738668831766,-1.0545261034341524,-1.0544531257129333,-1.0543549744666234,-1.0542316906868012,-1.0540833156072307,-1.0539098907016105,-1.0537114576813618,-1.0534880584934538,-1.053239735318266,-1.0529665305674878,-1.0526684868820542,-1.0523456471301194,-1.0519980544050649,-1.0516257520235432,-1.0512287835235583,-1.0508071926625788,-1.050361023415689,-1.0498903199737706,-1.0493951267417214,-1.048875488336707,-1.0483314495864442,-1.0477630555275201,-1.0471703514037427,-1.0465533826645232,-1.045912194963293,-1.04524683415595,-1.044557346299338,-1.0438437776497573,-1.0431061746615062,-1.0423445839854533,-1.0415590524676404,-1.0407496271479153,-1.0399163552585962,-1.0390592842231627,-1.0381784616549798,-1.0372739353560598,-1.0363457533158251,-1.035393963709906,-1.0344186148990104,-1.0334197554277758,-1.0323974340236635,-1.03135169959588,-1.030282601234326,-1.029190188208573,-1.0280745099668662,-1.026935616135155,-1.0257735565161499,-1.0245883810884053,-1.023380140005429,-1.0221488835948167,-1.0208946623574142,-1.019617526966502,-1.018317528267008,-1.0169947172747442,-1.0156491451756677,-1.0142808633251676,-1.0128899232473751,-1.0114763766344985,-1.0100402753461828,-1.0085816714088918,-1.0071006170153158,-1.005597164523801,-1.0040713664578031,-1.0025232755053641,-1.0009529445186118,-0.9993604265132829,-0.9977457746682669,-0.9961090423251742,-0.9944502829879265,-0.9927695503223677,-0.9910668981558985,-0.9893423804771322,-0.9875960514355709,-0.9858279653413062,-0.9840381766647376,-0.9822267400363147,-0.9803937102462997,-0.9785391422445501,-0.9766630911403232,-0.9747656122021002,-0.9728467608574317,-0.9709065926928027,-0.9689451634535181,-0.9669625290436088,-0.9649587455257564,-0.9629338691212392,-0.9608879562098965,-0.9588210633301134,-0.9567332471788247,-0.9546245646115378,-0.9524950726423751,-0.9503448284441353,-0.9481738893483738,-0.9459823128455016,-0.9437701565849035,-0.9415374783750737,-0.9392843361837715,-0.937010788138194,-0.9347168925251682,-0.9324027077913597,-0.9300682925435018,-0.9277137055486399,-0.9253390057343963,-0.9229442521892509,-0.9205295041628403,-0.9180948210662749,-0.9156402624724728,-0.9131658881165112,-0.9106717578959962,-0.908157931871448,-0.9056244702667046,-0.9030714334693425,-0.9004988820311141,-0.8979068766684013,-0.8952954782626881,-0.8926647478610471,-0.8900147466766454,-0.8873455360892649,-0.884657177645841,-0.8819497330610162,-0.8792232642177115,-0.8764778331677131,-0.8737135021322757,-0.8709303335027427,-0.8681283898411813,-0.8653077338810347,-0.8624684285277898,-0.8596105368596616,-0.8567341221282925,-0.8538392477594681,-0.8509259773538487,-0.8479943746877168,-0.8450445037137396,-0.8420764285617485,-0.8390902135395322,-0.8360859231336473,-0.8330636220102436,-0.8300233750159046,-0.826965247178504,-0.823889303708077,-0.8207956099977076,-0.8176842316244307,-0.8145552343501499,-0.8114086841225696,-0.8082446470761436,-0.8050631895330381,-0.8018643780041097,-0.7986482791898984,-0.7954149599816369,-0.7921644874622729,-0.788896928907508,-0.7856123517868507,-0.7823108237646853,-0.7789924127013539,-0.7756571866542551,-0.7723052138789568,-0.7689365628303235,-0.7655513021636591,-0.7621495007358635,-0.7587312276066049,-0.7552965520395066,-0.7518455435033481,-0.7483782716732806,-0.7448948064320586,-0.7413952178712846,-0.7378795762926689,-0.7343479522093043,-0.7308004163469553,-0.7272370396453611,-0.7236578932595547,-0.7200630485611944,-0.7164525771399123,-0.7128265508046748,-0.7091850415851595,-0.7055281217331456,-0.701855863723919,-0.6981683402576913,-0.6944656242610349,-0.6907477888883302,-0.6870149075232292,-0.683267053780132,-0.6795043015056786,-0.675726724780255,-0.6719343979195128,-0.6681273954759048,-0.6643057922402328,-0.660469663243212,-0.6566190837570473,x,-12,2.2127565415e-20,0.033566288155652144
-0.6297034125186887,-0.6333298378638064,-0.6369384377011454,-0.6405291248839784,-0.6441018133810897,-0.64765641820542,-0.6511928553347432,-0.6547110416250066,-0.6582108947172419,-0.6616923329391295,-0.6651552752027204,-0.6685996408999139,-0.6720253497975405,-0.6754323219339758,-0.67882047751929,-0.6821897368409596,-0.6855400201768675,-0.6888712477172845,-0.6921833394971675,-0.6954762153397903,-0.6987497948123491,-0.7020039971938015,-0.7052387414548217,-0.7084539462494007,-0.7116495299173169,-0.7148254104964514,-0.7179815057437419,-0.7211177331634415,-0.7242340100413035,-0.7273302534833078,-0.7304063804576051,-0.73346230783844,-0.736497952450945,-0.7395132311158298,-0.7425080606931508,-0.7454823581244907,-0.7484360404730366,-0.7513690249611793,-0.7542812290053925,-0.7571725702482606,-0.7600429665876332,-0.7628923362029671,-0.7657205975789949,-0.7685276695269213,-0.7713134712034033,-0.7740779221276098,-0.7768209421966984,-0.7795424517000374,-0.7822423713326812,-0.7849206222083982,-0.787577125872564,-0.7902118043156229,-0.7928245799873717,-0.7954153758125481,-0.7979841152081574,-0.8005307221029572,-0.8030551209595029,-0.8055572367991232,-0.8080369952301526,-0.8104943224796999,-0.8129291454291566,-0.8153413916535748,-0.8177309894649463,-0.8200978679593103,-0.8224419570674936,-0.824763187609168,-0.8270614913497716,-0.8293368010597111,-0.8315890505751395,-0.8338181748594831,-0.8360241100647966,-0.8382067935919518,-0.840366164148614,-0.8425021618039495,-0.844614728039025,-0.8467038057919107,-0.8487693394965913,-0.8508112751148975,-0.8528295601608158,-0.8548241437166849,-0.8567949764409589,-0.8587420105673754,-0.860665199895534,-0.8625644997730321,-0.864439867069435,-0.8662912601424638,-0.8681186387968652,-0.8699219642364897,-0.871701199010142,-0.8734563069517873,-0.875187253115709,-0.8768940037072072,-0.8785765260094317,-0.8802347883069358,-0.881868759806544,-0.8834784105561386,-0.8850637113619921,-0.8866246337053016,-0.8881611496586233,-0.8896732318029434,-0.8911608531461722,-0.8926239870438766,-0.8940626071231053,-0.8954766872101637,-0.8968662012631912,-0.8982311233103555,-0.8995714273944216,-0.9008870875243568,-0.902178077634518,-0.9034443715518294,-0.9046859429711934,-0.9059027654392084,-0.9070948123460915,-0.9082620569255282,-0.909404472262012,-0.9105220313050875,-0.911614706889796,-0.9126824717625248,-0.9137252986113993,-0.9147431601003253,-0.9157360289057856,-0.9167038777555188,-0.9176466794682534,-0.9185644069937424,-0.9194570334524188,-0.9203245321740863,-0.9211668767351587,-0.9219840409940563,-0.9227759991244676,-0.9235427256462798,-0.9242841954540659,-0.9250003838431019,-0.9256912665329581,-0.9263568196887778,-0.9269970199404128,-0.9276118443996404,-0.9282012706757291,-0.9287652768896668,-0.9293038416873941,-0.9298169442524234,-0.930304564318251,-0.9307666821809915,-0.9312032787126908,-0.9316143353757864,-0.9319998342391956,-0.9323597579965229,-0.9326940899868696,-0.9330028142187191,-0.9332859153973471,-0.9335433789561635,-0.9337751910923371,-0.933981338806973,-0.9341618099500147,-0.9343165932699145,-0.9344456784679682,-0.9345490562570361,-0.9346267184241761,-0.9346786578965106,-0.9347048688094246,-0.9347053465759814,-0.9346800879562364,-0.9346290911249536,-0.9345523557360942,-0.9344498829823596,-0.9343216756480621,-0.9341677381536414,-0.9339880765902908,-0.93378269874336,-0.9335516141034856,-0.9332948338647392,-0.9330123709094571,-0.9327042397798171,-0.9323704566366153,-0.9320110392060658,-0.9316260067157615,-0.9312153798211981,-0.9307791805244402,-0.9303174320866232,-0.929830158936012,-0.9293173865732994,-0.9287791414757345,-0.9282154510015187,-0.9276263432957431,-0.9270118471989394,-0.9263719921591257,-0.9257068081480379,-0.9250163255820623,-0.9243005752482373,-0.9235595882355614,-0.9227933958717477,-0.922002029665489,-0.921185521254244,-0.9203439023575238,-0.9194772047356373,-0.9185854601538453,-0.9176687003518712,-0.9167269570187122,-0.9157602617726938,-0.9147686461466986,-0.9137521415784907,y,-12,2.2127565415e-20,0.033566288155652144
-0.06561446306256119,-0.07005437930539637,-0.07449264640870132,-0.078929152934609,-0.08336378707596508,-0.08779643665403883,-0.09222698911622697,-0.09665533153375837,-0.10108135059943431,-0.1055049326253051,-0.10992596354039647,-0.1143443288884254,-0.11875991382552945,-0.12317260311797461,-0.12758228113985307,-0.13198883187085916,-0.1363921388940011,-0.14079208539333637,-0.14518855415171197,-0.1495814275485093,-0.15397058755739454,-0.1583559157440745,-0.16273729326405878,-0.16711460086042815,-0.1714877188616103,-0.17585652717916234,-0.18022090530556173,-0.18458073231200484,-0.18893588684621482,-0.19328624713025808,-0.19763169095837096,-0.2019720956947961,-0.20630733827162986,-0.21063729518668056,-0.2149618425013388,-0.2192808558384597,-0.22359421038025806,-0.22790178086621707,-0.2322034415910105,-0.23649906640243998,-0.24078852869938683,-0.2450717014297802,-0.2493484570885809,-0.253618667715783,-0.25788220489443253,-0.2621389397486644,-0.26638874294175924,-0.2706314846741683,-0.27486703468169293,-0.2790952622336551,-0.2833160361308829,-0.2875292247039402,-0.29173469581131223,-0.2959323168376147,-0.3001219546918287,-0.30430347580556033,-0.308476746131328,-0.3126416311408762,-0.31679799582351836,-0.32094570468450895,-0.3250846217434447,-0.3292146105326982,-0.33333553409588224,-0.33744725498634814,-0.3415496352657172,-0.34564253650244725,-0.34972581977043515,-0.35379934564765625,-0.3578629742148417,-0.3619165650541948,-0.3659599772481474,-0.3699930693781577,-0.3740156995235505,-0.3780277252604005,-0.3820290036604605,-0.38601939129013574,-0.38999874420950503,-0.39396691797139016,-0.39792376762047516,-0.40186914769247595,-0.40580291221336273,-0.4097249146986357,-0.4136350081526549,-0.4175330450680277,-0.4214188774250523,-0.42529235669122156,-0.42915333382078696,-0.4330016592543838,-0.43683718291872087,-0.44065975422633485,-0.4444692220754107,-0.4482654348496709,-0.4520482404183342,-0.45581748613614526,-0.45957301884347806,-0.46331468486651345,-0.46704233001749346,-0.4707557995950535,-0.47445493838463487,-0.4781395906589785,-0.4818096001787026,-0.4854648101929656,-0.4891050634402166,-0.4927302021490346,-0.49634006803905933,-0.499934502322015,-0.5035133457028289,-0.5070764383808484,-0.510623620051155,-0.514154729905982,-0.5176696066362343,-0.521168088433114,-0.5246500129898544,-0.5281152175035629,-0.5315635386771778,-0.5349948127215379,-0.5384088753575709,-0.5418055618185986,-0.5451847068527665,-0.5485461447255955,-0.5518897092226603,-0.5552152336523979,-0.5585225508490462,-0.5618114931757177,-0.5650818925276087,-0.5683335803353492,-0.5715663875684931,-0.574780144739154,-0.5779746819057873,-0.5811498286771238,-0.5843054142162545,-0.587441267244871,-0.5905572160476662,-0.5936530884768934,-0.5967287119570922,-0.59978391348998,-0.6028185196595129,-0.6058323566371228,-0.6088252501871259,-0.6117970256723149,-0.6147475080597302,-0.6176765219266183,-0.6205838914665769,-0.6234694404958944,-0.626332992460081,-0.6291743704406006,-0.6319933971618021,-0.6347898949980569,-0.637563685981103,-0.6403145918076012,-0.6430424338469057,-0.6457470331490531,-0.6484282104529718,-0.6510857861949172,-0.6537195805171353,-0.656329413276757,-0.658915104054929,-0.661476472166183,-0.6640133366680462,-0.6665255163708996,-0.669012829848084,-0.6714750954462599,-0.673912131296024,-0.676323755322785,-0.6787097852579043,-0.6810700386501032,-0.6834043328771421,-0.6857124851577728,-0.6879943125639709,-0.6902496320334485,-0.6924782603824532,-0.6946800143188568,-0.6968547104555353,-0.6990021653240462,-0.7011221953886063,-0.7032146170603718,-0.7052792467120268,-0.7073159006926816,-0.709324395343086,-0.7113045470111601,-0.7132561720678465,-0.715179086923287,-0.7170731080433286,-0.7189380519663595,-0.7207737353204821,-0.7225799748410231,-0.7243565873883857,-0.7261033899662473,-0.7278201997401046,-0.7295068340561708,-0.7311631104606271,-0.732788846719232,-0.7343838608372905,-0.7359479710799879,-0.7374809959930893,-0.7389827544240084,-0.7404530655432482,-0.7418917488662166,-0.7432986242754185,-0.7446735120430281,y,-12,2.2127565415e-20,0.033566288155652144
-0.06561446389271075,-0.07015984207766311,-0.07470357343364012,-0.07924554942493602,-0.08378566179285524,-0.08832380255418014,-0.09285986399963062,-0.09739373869232383,-0.10192531946626922,-0.10645449942479714,-0.11098117193903725,-0.11550523064638475,-0.12002656944897848,-0.12454508251215576,-0.12906066426289448,-0.13357320938833356,-0.13808261283422488,-0.14258876980340732,-0.14709157575428264,-0.15159092639929345,-0.15608671770340313,-0.16057884588257834,-0.16506720740227385,-0.16955169897591993,-0.1740322175634126,-0.17850866036960672,-0.18298092484281198,-0.1874489086732922,-0.19191250979176788,-0.19637162636792202,-0.2008261568089097,-0.20527599975787097,-0.2097210540924481,-0.21416121892330606,-0.2185963935926575,-0.22302647767279174,-0.22745137096460794,-0.23187097349615277,-0.2362851855211624,-0.2406939075176094,-0.24509704018625397,-0.2494944844492002,-0.2538861414484573,-0.25827191254450566,-0.26265169931486837,-0.26702540355268756,-0.2713929272653064,-0.27575417267280494,-0.2801090422066778,-0.2844574385084877,-0.2887992644283112,-0.2931344230234191,-0.29746281755689213,-0.3017843514962432,-0.3060989285120456,-0.31040645247656695,-0.31470682746241013,-0.31899995774116024,-0.3232857477820378,-0.32756410225055904,-0.3318349260072025,-0.3360981241060822,-0.34035360179362784,-0.34460126450727224,-0.3488410178741448,-0.35307276770977297,-0.35729642001679046,-0.3615118809836524,-0.36571905698335855,-0.36991785457218307,-0.3741081804884122,-0.3782899416510894,-0.38246304515876833,-0.3866273982882728,-0.3907829084934655,-0.3949294834040236,-0.3990670308242234,-0.4031954587317317,-0.4073146752764062,-0.4114245887791037,-0.41552510773049667,-0.4196161407898981,-0.4236975967840945,-0.42776938470618775,-0.43183141371444517,-0.4358835931311586,-0.4399258324415118,-0.44395804129245664,-0.4479801294915985,-0.4519920070060901,-0.4559935839615347,-0.4599847706408986,-0.4639654774834318,-0.467935615083599,-0.47189509419001946,-0.4758438257044161,-0.47978172068057434,-0.48370869032331026,-0.4876246459874488,-0.4915294991768108,-0.49542316154321087,-0.49930554488546436,-0.5031765611484047,-0.5070361224219104,-0.5108841409399426,-0.5147205290795923,-0.5185451993601382,-0.522358064442115,-0.5261590371263914,-0.52994803035326,-0.5337249572015356,-0.537489730887667,-0.5412422647648572,-0.5449824723221952,-0.5487102671837998,-0.5524255631079723,-0.5561282739863627,-0.559818313843145,-0.5634955968342051,-0.5671600372463399,-0.5708115494964673,-0.5744500481308484,-0.578075447824321,-0.581687663379545,-0.5852866097262598,-0.5888722019205532,-0.592444355144143,-0.5960029847036696,-0.5995480060300028,-0.6030793346775585,-0.6065968863236298,-0.6101005767677301,-0.6135903219309481,-0.6170660378553164,-0.6205276407031931,-0.6239750467566553,-0.6274081724169065,-0.6308269342036977,-0.6342312487547602,-0.6376210328252532,-0.6409962032872244,-0.6443566771290843,-0.6477023714550942,-0.6510332034848683,-0.6543490905528889,-0.6576499501080374,-0.6609356997131378,-0.6642062570445155,-0.6674615398915704,-0.6707014661563645,-0.6739259538532243,-0.6771349211083579,-0.6803282861594878,-0.6835059673554975,-0.6866678831560946,-0.6898139521314886,-0.6929440929620845,-0.6960582244381921,-0.699156265459751,-0.7022381350360715,-0.7053037522855914,-0.7083530364356503,-0.711385906822278,-0.7144022828900016,-0.7174020841916683,-0.720385230388285,-0.7233516412488753,-0.7263012366503534,-0.7292339365774153,-0.7321496611224477,-0.7350483304854544,-0.7379298649740003,-0.740794185003174,-0.7436412110955678,-0.7464708638812767,-0.7492830640979153,-0.7520777325906538,-0.7548547903122726,-0.7576141583232364,-0.7603557577917865,-0.763079509994054,-0.7657853363141911,-0.7684731582445228,-0.7711428973857194,-0.7737944754469875,-0.7764278142462827,-0.7790428357105423,-0.781639461875939,-0.7842176148881552,-0.786777217002679,-0.7893181905851212,-0.7918404581115541,-0.794343942168872,-0.7968285654551739,-0.799294250780168,-0.8017409210655997,-0.8041684993457007,-0.8065769087676629,-0.8089660725921336,-0.8113359141937364,y,-12,2.2127565415e-20,0.033566288155652144
-0.06561446389267957,-0.07014865454535449,-0.07468119779058603,-0.07921198441233293,-0.08374090536082952,-0.08826785175152134,-0.09279271486399264,-0.097315386140894,-0.10183575718690512,-0.1063537197676314,-0.11086916580855007,-0.1153819873939438,-0.11989207676584653,-0.12439932632296542,-0.1289036286195902,-0.13340487636458032,-0.13790296242028358,-0.14239777980147653,-0.1468892216743064,-0.15137718135523487,-0.1558615523099835,-0.1603422281524813,-0.16481910264381444,-0.16929206969117794,-0.17376102334683013,-0.17822585780704933,-0.18268646741109332,-0.18714274664016134,-0.1915945901163593,-0.19604189260166768,-0.20048454899691293,-0.20492245434074166,-0.20935550380859866,-0.21378359271170808,-0.21820661649605844,-0.22262447074139144,-0.22703705116019426,-0.2314442535966964,-0.23584597402587018,-0.24024210855243563,-0.24463255340986975,-0.24901720495942026,-0.25339595968912376,-0.2577687142128289,-0.262135365269224,-0.2664958097208698,-0.27084994455323746,-0.27519766687369995,-0.279538873910665,-0.2838734630126833,-0.28820133164735035,-0.2925223774004404,-0.29683649797497763,-0.30114359119031225,-0.30544355498120296,-0.3097362873969055,-0.3140216866002673,-0.31829965086682865,-0.3225700785839299,-0.326832868249826,-0.33108791847280666,-0.3353351279703243,-0.339574395568128,-0.3438056201994056,-0.3480287009039316,-0.35224353682722354,-0.3564500272197046,-0.36064807143587485,-0.36483756893348934,-0.36901841927274404,-0.37319052211546977,-0.37735377722433394,-0.38150808446205065,-0.3856533437905986,-0.3897894552704475,-0.3939163190597931,-0.39803383541380033,-0.40214190468385586,-0.4062404273168285,-0.41032930385433936,-0.41440843493204055,-0.4184777212789036,-0.4225370637165164,-0.4265863631583902,-0.4306255206092761,-0.4346544371644909,-0.43867301400925324,-0.442681152418029,-0.44667875375388755,-0.45066571946786765,-0.45464195109835404,-0.4586073502704644,-0.4625618186954465,-0.4665052581700868,-0.4704375705761297,-0.4743586578797073,-0.47826842213078113,-0.48216676546259446,-0.4860535900911367,-0.48992879831461883,-0.49379229251296075,-0.49764397514729075,-0.5014837487594566,-0.505311515971549,-0.5091271794854375,-0.5129306420823189,-0.5167218066222773,-0.5205005760438588,-0.5242668533636574,-0.5280205416759147,-0.5317615441521331,-0.5354897640407016,-0.5392051046665362,-0.5429074694307332,-0.5465967618102369,-0.5502728853575205,-0.553935743700283,-0.5575852405411584,-0.5612212796574407,-0.5648437649008236,-0.5684526001971546,-0.5720476895462048,-0.5756289370214533,-0.5791962467698878,-0.5827495230118199,-0.5862886700407177,-0.5898135922230522,-0.5933241939981623,-0.5968203798781342,-0.6003020544476989,-0.6037691223641454,-0.6072214883572511,-0.61065905722923,-0.6140817338546974,-0.6174894231806529,-0.6208820302264803,-0.6242594600839664,-0.6276216179173376,-0.6309684089633147,-0.6342997385311868,-0.6376155120029036,-0.6409156348331864,-0.6442000125496599,-0.6474685507530019,-0.6507211551171131,-0.6539577313893075,-0.6571781853905222,-0.6603824230155482,-0.6635703502332816,-0.6667418730869954,-0.6698968976946333,-0.6730353302491238,-0.6761570770187167,-0.6792620443473414,-0.6823501386549867,-0.6854212664381042,-0.6884753342700325,-0.6915122488014466,-0.6945319167608284,-0.6975342449549623,-0.7005191402694526,-0.7034865096692675,-0.7064362601993043,-0.7093682989849818,-0.712282533232856,-0.7151788702312611,-0.7180572173509769,-0.72091748204592,-0.7237595718538627,-0.7265833943971775,-0.7293888573836078,-0.7321758686070666,-0.7349443359484609,-0.7376941673765446,-0.7404252709487991,-0.7431375548123417,-0.7458309272048625,-0.7485052964555908,-0.751160570986289,-0.7537966593122775,-0.7564134700434889,-0.7590109118855516,-0.7615888936409045,-0.7641473242099431,-0.7666861125921947,-0.7692051678875271,-0.7717043992973889,-0.7741837161260798,-0.7766430277820574,-0.7790822437792723,-0.7815012737385406,-0.7839000273889472,-0.7862784145692848,-0.7886363452295265,-0.7909737294323335,-0.7932904773545976,-0.7955864992890197,-0.7978617056457247,-0.8001160069539113,-0.8023493138635401,y,-12,2.2127565415e-20,0.033566288155652144
-0.06561446389274193,-0.07017102960994812,-0.07472594907629045,-0.07927911443534441,-0.08383041821746492,-0.08837975333756343,-0.09292701309287889,-0.09747209116075083,-0.10201488159643,-0.10655527883082458,-0.1110931776682984,-0.11562847328445922,-0.1201610612239612,-0.12469083739828636,-0.12921769808351558,-0.1337415399181804,-0.13826225990104882,-0.14277975538893528,-0.14729392409451533,-0.15180466408414459,-0.15631187377568231,-0.16081545193632008,-0.1653152976804151,-0.16981131046732914,-0.17430339009927226,-0.1787914367191525,-0.1832753508084309,-0.1877550331849824,-0.19223038500096257,-0.1967013077406805,-0.20116770321847782,-0.20562947357661393,-0.21008652128315794,-0.2145387491298869,-0.21898606023019077,-0.2234283580169845,-0.22786554624062647,-0.2322975289668446,-0.2367242105746692,-0.24114549575437302,-0.24556128950541906,-0.24997149713441552,-0.2543760242530783,-0.25877477677620137,-0.26316766091963484,-0.26755458319827047,-0.271935450424036,-0.2763101697038448,-0.2806786484376911,-0.2850407943167231,-0.28939651532111077,-0.29374571971815056,-0.29808831606030867,-0.3024242131832725,-0.3067533202040114,-0.3110755465188448,-0.3153908018015201,-0.31969899600129914,-0.3240000393410529,-0.32829384231536624,-0.33258031568865015,-0.33685937049326437,-0.3411309180276481,-0.3453948698544606,-0.34965113779873036,-0.3538996339460139,-0.35814027064056375,-0.36237296048350554,-0.3665976163310252,-0.3708141512925647,-0.3750224787290276,-0.3792225122509948,-0.3834141657169487,-0.387597353231508,-0.39177198914367145,-0.3959379880450718,-0.40009526476823926,-0.4042437343848749,-0.40838331220413354,-0.412513913770917,-0.4166354548641768,-0.42074785149522725,-0.424851019906068,-0.4289448765677171,-0.4330293381785537,-0.43710432166267105,-0.4411697441682398,-0.4452255230658809,-0.4492715759470493,-0.4533078206224272,-0.4573341751203283,-0.46135055768511185,-0.4653568867756069,-0.4693530810635471,-0.4733390594320162,-0.47731474097390314,-0.4812800449903683,-0.48523489098931966,-0.4891791986839002,-0.4931128879909846,-0.49703587902968793,-0.5009480921198834,-0.5048494477807323,-0.508739866729223,-0.5126192698787218,-0.5164875783375338,-0.5203447134074748,-0.5241905965824539,-0.5280251495470665,-0.5318482941751984,-0.535659952528641,-0.5394600468557167,-0.5432484995899158,-0.5470252333485438,-0.5507901709313799,-0.5545432353193466,-0.55828434967319,-0.5620134373321709,-0.5657304218127679,-0.5694352268073906,-0.5731277761831042,-0.5768079939803654,-0.5804758044117696,-0.5841311318608088,-0.587773900880641,-0.5914040361928713,-0.5950214626863434,-0.598626105415943,-0.6022178896014128,-0.6057967406261782,-0.6093625840361852,-0.6129153455387487,-0.6164549510014141,-0.619981326450828,-0.623494398071623,-0.6269940922053118,-0.6304803353491949,-0.6339530541552789,-0.6374121754292067,-0.6408576261291994,-0.6442893333650103,-0.6477072243968907,-0.6511112266345673,-0.6545012676362322,-0.6578772751075432,-0.6612391769006388,-0.6645869010131628,-0.6679203755873022,-0.6712395289088374,-0.6745442894062038,-0.6778345856495663,-0.6811103463499063,-0.6843715003581198,-0.6876179766641296,-0.6908497043960089,-0.6940666128191174,-0.6972686313352507,-0.7004556894818014,-0.7036277169309335,-0.7067846434887695,-0.7099263990945898,-0.7130529138200459,-0.7161641178683855,-0.719259941573691,-0.7223403154001312,-0.7254051699412258,-0.7284544359191237,-0.7314880441838933,-0.7345059257128278,-0.7375080116097618,-0.7404942331044037,-0.7434645215516799,-0.7464188084310927,-0.7493570253460929,-0.7522791040234655,-0.7551849763127289,-0.758074574185548,-0.7609478297351631,-0.7638046751758296,-0.7666450428422745,-0.7694688651891668,-0.7722760747906002,-0.7750666043395933,-0.777840386647601,-0.780597354644044,-0.7833374413758494,-0.7860605800070088,-0.7887667038181501,-0.791455746206124,-0.7941276406836064,-0.7967823208787156,-0.7994197205346439,-0.8020397735093067,-0.8046424137750042,-0.8072275754181013,-0.809795192638722,-0.8123451997504589,-0.8148775311801003,-0.817392121467372,-0.8198889052646955,y,-12,2.2127565415e-20,0.033566288155652144
-0.2728763181801851,-0.2744479277911601,-0.27601182083782133,-0.277567960648539,-0.2791163109766973,-0.2806568359606171,-0.2821895000803595,-0.28371426811184014,-0.28523110507881333,-0.28673997620335995,-0.2882408468556933,-0.2897336825041227,-0.2912184486661027,-0.2926951108613012,-0.29416363456761907,-0.295623985181065,-0.2970761279802134,-0.2985200280959232,-0.29995565048679357,-0.3013829599206617,-0.30280192096225733,-0.30421249796693917,-0.305614655080264,-0.30700835624298145,-0.3083935652009226,-0.30977024551915094,-0.31113836059968764,-0.31249787370208815,-0.3138487479661556,-0.31519094643609885,-0.3165244320854981,-0.3178491678425018,-0.31916511661475916,-0.32047224131367025,-0.3217705048776215,-0.3230598702939522,-0.3243403006194762,-0.3256117589994484,-0.3268742086849302,-0.32812761304855953,-0.32937193559877576,-0.33060713999258967,-0.3318331900470175,-0.3330500497493231,-0.3342576832662331,-0.3354560549523036,-0.33664512935762875,-0.3378248712350771,-0.3389952455473098,-0.34015621747374436,-0.3413077524176236,-0.3424498160135176,-0.34358237413538234,-0.344705392905394,-0.34581883870374713,-0.3469226781795961,-0.3480168782632983,-0.34910140618009944,-0.3501762294653727,-0.3512413159814911,-0.35229663393637506,-0.3533421519037121,-0.35437783884479684,-0.3554036641318843,-0.35641959757289216,-0.35742560943722795,-0.3584216704824567,-0.35940775198146846,-0.3603838257497514,-0.3613498641723344,-0.3623058402299264,-0.36325172752376256,-0.36418750029865854,-0.36511313346378776,-0.3660286026107201,-0.3669338840283068,-0.36782895471405025,-0.36871379238166885,-0.3695883754646425,-0.3704526831156083,-0.37130669520155796,-0.3721503922948705,-0.3729837556602872,-0.373806767238,-0.37461940962308166,-0.375421666041525,-0.37621352032319033,-0.37699495687197915,-0.37776596063356016,-0.37852651706097645,-0.37927661207845786,-0.3800162320437578,-0.3807453637093253,-0.38146399418262145,-0.38217211088588493,-0.38286970151565786,-0.38355675400238765,-0.38423325647043505,-0.38489919719883064,-0.38555456458313836,-0.38619934709879783,-0.3868335332663269,-0.3874571116187686,-0.38807007067176086,-0.3886723988965889,-0.3892640846965518,-0.3898451163869304,-0.3904154821787889,-0.39097517016677524,-0.39152416832101,-0.39206246448307003,-0.39259004636599043,-0.3931069015581233,-0.3936130175306151,-0.39410838164819323,-0.39459298118289493,-0.3950668033303274,-0.39552983522801705,-0.39598206397539254,-0.3964234766549463,-0.3968540603541333,-0.3972738021875924,-0.39768268931931167,-0.39808070898440184,-0.3984678485101917,-0.39884409533640924,-0.39920943703426576,-0.3995638613243097,-0.39990735609296735,-0.4002399094077304,-0.400561509530995,-0.4008721449325903,-0.40117180430106986,-0.4014604765538657,-0.4017381508464302,-0.40200481658051107,-0.40226046341172184,-0.402505081256586,-0.4027386602992443,-0.40296119099802435,-0.4031726640920809,-0.4033730706083211,-0.40356240186883124,-0.40374064949902544,-0.4039078054367335,-0.4040638619424415,-0.4042088116108876,-0.40434264738420217,-0.40446536256675963,-0.4045769508418798,-0.40467740629047977,-0.40476672341172976,-0.4048448971457093,-0.4049119228979916,-0.40496779656600757,-0.4050125145669537,-0.405046073866915,-0.40506847201077784,-0.4050797071524123,-0.40507977808451223,-0.4050686842674038,-0.4050464258560719,-0.40501300372461824,-0.4049684194873538,-0.40491267551576043,-0.40484577495061325,-0.4047677217086565,-0.4046785204833573,-0.4045781767394214,-0.4044666967009343,-0.40434408733318383,-0.4042103563184097,-0.4040655120259057,-0.4039095634770584,-0.40374252030603547,-0.40356439271692923,-0.40337519143821826,-0.4031749276754228,-0.4029636130628141,-0.40274125961498486,-0.4025078796790133,-0.40226348588786265,-0.40200809111555286,-0.40174170843454005,-0.40146435107563405,-0.4011760323906931,-0.40087676581825094,-0.4005665648521634,-0.40024544301330645,-0.3999134138243157,-0.39957049078733065,-0.3992166873646853,-0.39885201696248185,-0.39847649291697546,-0.3980901284837012,-0.3976929368292749,-0.3972849310257998,-0.3968661240478102,-0.39643652877168023,-0.39599615797741755,z,-12,2.2127565415e-20,0.033566288155652144
-0.05089722921407811,-0.05252219383805303,-0.054145901894789045,-0.05576831145988292,-0.05738938047953142,-0.05900906676976122,-0.06062732801565746,-0.0622441217705939,-0.06385940545547725,-0.06547313635796946,-0.06708527163172959,-0.06869576829565295,-0.07030458323311654,-0.07191167319121793,-0.0735169947800118,-0.07512050447177629,-0.07672215860025733,-0.07832191335992285,-0.07991972480522025,-0.0815155488498369,-0.083109341265964,-0.0847010576835639,-0.08629065358964115,-0.08787808432751727,-0.0894633050961096,-0.09104627094921412,-0.09262693679479292,-0.09420525739426579,-0.09578118736180684,-0.0973546811636458,-0.09892569311737455,-0.10049417739125867,-0.1020600880035548,-0.10362337882183344,-0.10518400356230764,-0.10674191578916797,-0.10829706891392357,-0.10984941619474997,-0.11139891073584347,-0.11294550548678267,-0.11448915324189717,-0.1160298066396438,-0.11756741816199046,-0.11910194013380808,-0.12063332472227074,-0.12216152393626428,-0.1236864896258037,-0.1252081734814416,-0.1267265270337335,-0.12824150165270243,-0.1297530485472388,-0.13126111876459026,-0.13276566318983762,-0.13426663254538151,-0.1357639773904401,-0.13725764812055835,-0.1387475949671289,-0.14023376799692502,-0.14171611711164606,-0.14319459204747553,-0.14466914237465245,-0.14613971749705593,-0.14760626665180365,-0.14906873890886474,-0.15052708317068675,-0.15198124817183808,-0.15343118247866533,-0.15487683448896655,-0.1563181524316807,-0.15775508436659352,-0.1591875781840602,-0.16061558160474593,-0.1620390421793837,-0.16345790728855067,-0.16487212414246327,-0.16628163978079125,-0.16768640107249147,-0.1690863547156619,-0.17048144723741598,-0.1718716249937781,-0.1732568341696008,-0.17463702077850388,-0.1760121306628361,-0.1773821094936601,-0.17874690277076066,-0.18010645582267765,-0.1814607138067632,-0.18280962170926446,-0.18415312434543193,-0.18549116635965468,-0.18682369222562212,-0.18815064624651356,-0.1894719725552161,-0.1907876151145712,-0.1920975177176507,-0.19340162398806307,-0.19469987738029024,-0.1959922211800559,-0.19727859850472604,-0.1985589523037417,-0.19983322535908576,-0.2011013602857833,-0.20236329953243723,-0.20361898538179915,-0.20486835995137662,-0.20611136519407727,-0.20734794289889086,-0.20857803469160974,-0.20980158203558857,-0.21101852623254405,-0.21222880842339564,-0.21343236958914785,-0.21462915055181495,-0.21581909197538898,-0.217002134366852,-0.21817821807723306,-0.21934728330271142,-0.2205092700857658,-0.22166411831637192,-0.22281176773324807,-0.2239521579251501,-0.22508522833221692,-0.22621091824736672,-0.227329166817746,-0.2284399130462311,-0.22954309579298407,-0.23063865377706352,-0.23172652557809137,-0.23280664963797673,-0.23387896426269758,-0.23494340762414168,-0.2359999177620073,-0.23704843258576516,-0.23808888987668228,-0.23912122728990934,-0.24014538235663174,-0.2411612924862865,-0.24216889496884528,-0.24316812697716472,-0.24415892556940583,-0.24514122769152258,-0.2461149701798218,-0.24708008976359452,-0.248036523067821,-0.2489842066159495,-0.24992307683275075,-0.25085307004724905,-0.251774122495731,-0.2526861703248332,-0.25358914959471024,-0.25448299628228377,-0.2553676462845744,-0.25624303542211757,-0.25710909944246335,-0.2579657740237641,-0.25881299477844794,-0.2596506972569823,-0.26047881695172637,-0.26129728930087526,-0.2621060496924963,-0.26290503346865945,-0.26369417592966204,-0.26447341233835026,-0.2652426779245376,-0.26600190788952244,-0.2667510374107053,-0.2674900016463075,-0.26821873574019206,-0.26893717482678886,-0.269645254036124,-0.27034290849895626,-0.27103007335202045,-0.2717066837433798,-0.27237267483788824,-0.27302798182276383,-0.273672539913275,-0.27430628435853976,-0.2749291504474405,-0.2755410735146544,-0.2761419889468013,-0.27673183218871,-0.277310538749804,-0.27787804421060813,-0.2784342842293771,-0.27897919454884695,-0.2795127110031106,-0.2800347695246187,-0.2805453061513066,-0.28104425703384883,-0.2815315584430415,-0.28200714677731464,-0.282470958570374,-0.28292293049897493,-0.2833629993908277,-0.2837911022326365,-0.2842071761782717,-0.28461115855707736,-0.28500298688231396,-0.2853825988597375,-0.2857499323963156,z,-12,2.2127565415e-20,0.033566288155652144
-0.0508972298580245,-0.052571771840691305,-0.05424505974457818,-0.05591705435271088,-0.057587716557832465,-0.059257007361790716,-0.0609248878749233,-0.06259131931544383,-0.06425626300884174,-0.0659196803872585,-0.06758153298888296,-0.06924178245734303,-0.07090039054110248,-0.07255731909285001,-0.07421253006888444,-0.0758659855285293,-0.07751764763352326,-0.07916747864741926,-0.08081544093498506,-0.0824614969616055,-0.08410560929268594,-0.0857477405930577,-0.08738785362638478,-0.08902591125457245,-0.09066187643717757,-0.09229571223082064,-0.09392738178859962,-0.09555684835950573,-0.09718407528784108,-0.09880902601263825,-0.10043166406708187,-0.10205195307793231,-0.1036698567649513,-0.10528533894032974,-0.1068983635081177,-0.1085088944636566,-0.11011689589301349,-0.11172233197241789,-0.11332516696770054,-0.1149253652337349,-0.11652289121388074,-0.11811770943943029,-0.11970978452905681,-0.12129908118826561,-0.12288556420884773,-0.12446919846833596,-0.1260499489294636,-0.12762778063960736,-0.12920265873028178,-0.13077454841662597,-0.13234341499681593,-0.1339092238515617,-0.1354719404435827,-0.13703153031708537,-0.13858795909724386,-0.14014119248968349,-0.1416911962799673,-0.14323793633308535,-0.14478137859294712,-0.1463214890818768,-0.14785823390011177,-0.14939157922530386,-0.15092149131202395,-0.15244793649126973,-0.15397088116997618,-0.15549029183052973,-0.15700613503028527,-0.1585183774010865,-0.16002698564878962,-0.16153192655279,-0.16303316696555256,-0.16453067381214503,-0.1660244140897751,-0.1675143548673303,-0.16900046328492188,-0.17048270655343176,-0.17196105195406303,-0.17343546683789413,-0.17490591862543606,-0.17637237480619375,-0.17783480293823037,-0.1792931706477358,-0.18074744562859826,-0.18219759564197974,-0.18364358851589527,-0.18508539214479552,-0.18652297448915356,-0.18795630357505483,-0.18938534749379146,-0.1908100744014598,-0.19223045251856236,-0.19364645012961304,-0.19505803558274665,-0.19646517728933208,-0.19786784372358956,-0.19926600342221182,-0.200659624983989,-0.20204867706943808,-0.20343312840043584,-0.20481294775985612,-0.20618810399121118,-0.207558565998297,-0.20892430274484303,-0.2102852832541658,-0.2116414766088269,-0.21299285195029513,-0.21433937847861298,-0.2156810254520673,-0.21701776218686433,-0.21834955805680914,-0.21967638249298924,-0.22099820498346287,-0.2223149950729515,-0.22362672236253697,-0.22493335650936294,-0.226234867226341,-0.22753122428186137,-0.22882239749950806,-0.2301083567577786,-0.23138907198980882,-0.23266451318310172,-0.2339346503792616,-0.2351994536737326,-0.23645889321554217,-0.23771293920704936,-0.23896156190369794,-0.24020473161377426,-0.24144241869817037,-0.24267459357015184,-0.2439012266951306,-0.2451222885904429,-0.2463377498251323,-0.2475475810197377,-0.2487517528460867,-0.24995023602709393,-0.2511430013365647,-0.25233001959900386,-0.2535112616894301,-0.25468669853319537,-0.25585630110581,-0.2570200404327727,-0.2581778875894067,-0.25932981370070085,-0.2604757899411566,-0.2616157875346404,-0.2627497777542415,-0.26387773192213637,-0.26499962140945743,-0.2661154176361688,-0.2672250920709471,-0.2683286162310684,-0.2694259616823013,-0.2705171000388054,-0.27160200296303605,-0.2726806421656555,-0.27375298940544956,-0.2748190164892508,-0.27587869527186776,-0.27693199765602067,-0.27797889559228295,-0.2790193610790298,-0.2800533661623926,-0.2810808829362201,-0.28210188354204563,-0.28311634016906195,-0.28412422505410156,-0.28512551048162427,-0.28612016878371155,-0.28710817234006747,-0.2880894935780267,-0.28906410497256924,-0.29003197904634226,-0.2909930883696891,-0.291947405560685,-0.29289490328518025,-0.29383555425685076,-0.2947693312372557,-0.2956962070359021,-0.2966161545103179,-0.29752914656613155,-0.29843515615715965,-0.29933415628550186,-0.3002261200016441,-0.30111102040456883,-0.3019888306418739,-0.3028595239098983,-0.3037230734538573,-0.3045794525679842,-0.30542863459568126,-0.3062705929296783,-0.3071053010121999,-0.3079327323351406,-0.308752860440249,-0.3095656589193199,-0.3103711014143955,-0.311169161617975,-0.31195981327323286,-0.31274303017424643,-0.31351878616623174,-0.3142870551457892,z,-12,2.2127565415e-20,0.033566288155652144
-0.0508972298579456,-0.05256309368035305,-0.05422770299101383,-0.05589101810307882,-0.05755299939931754,-0.059213607331699426,-0.06087280242097273,-0.06253054525624423,-0.06418679649457236,-0.06584151686053688,-0.06749466714582722,-0.069146208208827,-0.07079610097420354,-0.07244430643248945,-0.07409078563966007,-0.07573549971674018,-0.07737840984938608,-0.07901947728747652,-0.08065866334470456,-0.08229592939817092,-0.08393123688797842,-0.08556454731682799,-0.08719582224961586,-0.08882502331303238,-0.09045211219516215,-0.0920770506450858,-0.09369980047248326,-0.09532032354723874,-0.09693858179904725,-0.09855453721702294,-0.10016815184930908,-0.10177938780268987,-0.10338820724220421,-0.10499457239076103,-0.10659844552875691,-0.1081997889936954,-0.10979856517980839,-0.11139473653767973,-0.11298826557387054,-0.11457911485054707,-0.11616724698511045,-0.1177526246498288,-0.11933521057147153,-0.12091496753094591,-0.12249185836293612,-0.12406584595554453,-0.1256368932499355,-0.127204963239963,-0.1287700189718501,-0.13033202354385962,-0.13189094010589153,-0.13344673185916425,-0.13499936205587415,-0.13654879399885728,-0.13809499104125408,-0.1396379165861769,-0.1411775340863802,-0.14271380704393383,-0.14424669900989906,-0.1457761735840077,-0.14730219441434422,-0.14882472519703074,-0.15034372967591533,-0.1518591716422634,-0.15337101493445207,-0.1548792234376681,-0.15638376108360869,-0.15788459185018583,-0.15938167976123394,-0.16087498888622087,-0.16236448333996228,-0.16385012728233966,-0.16533188491802153,-0.1668097204961886,-0.16828359831026224,-0.16975348269763657,-0.17121933803941455,-0.1726811287601475,-0.17413881932757833,-0.17559237425238894,-0.1770417580879511,-0.1784869354300817,-0.1799278709168012,-0.18136452922809698,-0.18279687508569,-0.18422487325280598,-0.18564848853395055,-0.1870676857746886,-0.18848242986142782,-0.18989268572120668,-0.19129841832148653,-0.19269959266994818,-0.19409617381429298,-0.19548812684204814,-0.19687541688037682,-0.19825800909589272,-0.1996358686944792,-0.20100896092111314,-0.20237725105969362,-0.2037407044328752,-0.20509928640190614,-0.20645296236647148,-0.20780169776454116,-0.20914545807222287,-0.21048420880362032,-0.21181791551069615,-0.21314654378314046,-0.21447005924824436,-0.2157884275707786,-0.21710161445287784,-0.21840958563393015,-0.2197123068904719,-0.22100974403608833,-0.2223018629213196,-0.22358862943357222,-0.22487000949703667,-0.22614596907261034,-0.2274164741578264,-0.22868149078678857,-0.22994098503011187,-0.2311949229948692,-0.23244327082454425,-0.23368599469899012,-0.2349230608343947,-0.23615443548325168,-0.23738008493433854,-0.23859997551270026,-0.23981407357964005,-0.2410223455327164,-0.24222475780574657,-0.24342127686881712,-0.2446118692283008,-0.24579650142688064,-0.2469751400435805,-0.2481477516938031,-0.24931430302937457,-0.25047476073859654,-0.2516290915463052,-0.25277726221393765,-0.25391923953960566,-0.25505499035817686,-0.25618448154136353,-0.2573076799978185,-0.2584245526732397,-0.2595350665504812,-0.2606391886496733,-0.2617368860283496,-0.2628281257815828,-0.26391287504212807,-0.2649911009805749,-0.2660627708055069,-0.2671278517636707,-0.26818631114015234,-0.26923811625856287,-0.27028323448123215,-0.271321633209412,-0.2723532798834874,-0.27337814198319715,-0.27439618702786334,-0.27540738257663,-0.27641169622871087,-0.2774090956236467,-0.27839954844157144,-0.2793830224034887,-0.2803594852715572,-0.28132890484938605,-0.28229124898234026,-0.28324648555785564,-0.28419458250576396,-0.2851355077986284,-0.286069229452089,-0.2869957155252186,-0.2879149341208891,-0.2888268533861488,-0.28973144151260954,-0.29062866673684573,-0.2915184973408033,-0.2924009016522205,-0.29327584804505913,-0.29414330493994795,-0.2950032408046366,-0.2958556241544614,-0.2967004235528233,-0.2975376076116764,-0.2983671449920299,-0.29918900440446056,-0.30000315460963856,-0.3008095644188647,-0.30160820269462074,-0.30239903835113185,-0.3031820403549418,-0.30395717772550085,-0.3047244195357673,-0.3054837349128208,-0.30623509303849034,-0.30697846314999455,-0.3077138145405957,-0.308441116560268,-0.3091603386163786,-0.30987145017438356,z,-12,2.2127565415e-20,0.033566288155652144
-0.05089722985810342,-0.052580450001011546,-0.054262416497844586,-0.05594309060077988,-0.05762243371123386,-0.05930040737897521,-0.060976973301236886,-0.06265209332182986,-0.06432572943027182,-0.06599784376089315,-0.0676683985919632,-0.06933735634481365,-0.07100467958296845,-0.07267033101126671,-0.07433427347498296,-0.07599646995897802,-0.07765688358682651,-0.07931547761995439,-0.08097221545677893,-0.08262706063185143,-0.08427997681500243,-0.08593092781048976,-0.08757987755614928,-0.08922679012254843,-0.09087162971214265,-0.0925143606584347,-0.09415494742513694,-0.09579335460533663,-0.0974295469206641,-0.09906348922046436,-0.10069514648097141,-0.102324483804486,-0.10395146641855654,-0.1055760596751632,-0.10719822904990528,-0.10881794014119196,-0.11043515866943643,-0.11204985047625324,-0.11366198152365928,-0.11527151789327807,-0.11687842578554757,-0.11848267151893156,-0.12008422152913452,-0.12168304236832003,-0.12327910070433291,-0.12487236331992486,-0.12646279711198388,-0.1280503690907485,-0.12963504637907533,-0.13121679621169982,-0.1327955859344226,-0.13437138300338297,-0.13594415498431103,-0.137513869551783,-0.13908049448848092,-0.14064399768445596,-0.14220434713639557,-0.1437615109468948,-0.14531545732373113,-0.1468661545791438,-0.14841357112911646,-0.1499576754926643,-0.15149843629112494,-0.1530358222474533,-0.15456980218552063,-0.15610034502941747,-0.15762741980276065,-0.15915099562800444,-0.16067104172575575,-0.16218752741409323,-0.16370042210789085,-0.16520969531814522,-0.16671531665130726,-0.1682172558086179,-0.16971548258544794,-0.1712099668706422,-0.1727006786458675,-0.1741875879849654,-0.17567066505330842,-0.17714988010716096,-0.17862520349304428,-0.1800966056471058,-0.18156405709449228,-0.1830275284487276,-0.1844869904110948,-0.18594241377002194,-0.1873937694004728,-0.18884102826334137,-0.19028416140485088,-0.19172313995595702,-0.19315793513175553,-0.19458851823089393,-0.19601486063498783,-0.1974369338080412,-0.19885470929587132,-0.20026815872553774,-0.20167725380477589,-0.2030819663214348,-0.20448226814291928,-0.20587813121563636,-0.2072695275644463,-0.20865642929211772,-0.2100388085787874,-0.2114166376814241,-0.2127898889332972,-0.2141585347434494,-0.215522547596174,-0.2168819000504967,-0.2182365647396614,-0.21958651437062104,-0.2209317217235324,-0.22227215965125557,-0.22360780107885783,-0.22493861900312206,-0.2262645864920595,-0.22758567668442703,-0.22890186278924907,-0.23021311808534387,-0.2315194159208542,-0.23282072971278286,-0.23411703294653238,-0.2354082991754495,-0.23669450202037406,-0.23797561516919258,-0.23925161237639614,-0.24052246746264325,-0.24178815431432682,-0.24304864688314615,-0.24430391918568314,-0.24555394530298363,-0.2467986993801427,-0.2480381556258952,-0.2492722883122106,-0.2505010717738925,-0.2517244804081832,-0.25294248867437213,-0.25415507109341007,-0.25536220224752715,-0.25656385677985605,-0.25776000939405963,-0.25895063485396386,-0.26013570798319474,-0.26131520366482064,-0.26248909684099925,-0.263657362512629,-0.2648199757390058,-0.2659769116374842,-0.2671281453831439,-0.2682736522084605,-0.2694134074029816,-0.2705473863130077,-0.27167556434127776,-0.2727979169466603,-0.2739144196438486,-0.2750250480030616,-0.2761297776497496,-0.2772285842643046,-0.27832144358177613,-0.27940833139159216,-0.28048922353728445,-0.28156409591621984,-0.2826329244793359,-0.28369568523088234,-0.28475235422816697,-0.2858029075813074,-0.2868473214529875,-0.28788557205821963,-0.28891763566411116,-0.2899434885896374,-0.2909631072054192,-0.2919764679335055,-0.29298354724716247,-0.29398432167066657,-0.294978767779104,-0.2959668621981752,-0.296948581604005,-0.29792390272295793,-0.2988928023314594,-0.29985525725582207,-0.30081124437207835,-0.30176074060581787,-0.30270372293203085,-0.30364016837495733,-0.30457005400794185,-0.30549335695329394,-0.3064100543821543,-0.307320123514367,-0.3082235416183573,-0.30912028601101543,-0.3100103340575862,-0.3108936631715648,-0.3117702508145982,-0.3126400744963929,-0.31350311177462853,-0.3143593402548776,-0.3152087375905317,-0.31605128148273315,-0.3168869496803136,-0.3177157199797386,-0.31853757022505824,z,-12,2.2127565415e-20,0.033566288155652144
